"Status","Start Time","Stop Time","Duration in ms","Parent Suite","Suite","Sub Suite","Test Class","Test Method","Name","Description"
"passed","Sun Jan 31 19:57:56 CST 2021","Sun Jan 31 19:57:56 CST 2021","179","Multiapi","test_area","","","","test_edit_api[data0]",""
"passed","Sun Jan 31 19:57:56 CST 2021","Sun Jan 31 19:57:57 CST 2021","177","Multiapi","test_area","","","","test_del_api[data0]",""
"passed","Sun Jan 31 19:57:56 CST 2021","Sun Jan 31 19:57:56 CST 2021","13","Multiapi","test_Add","","","","test_add_api[data0]",""
"passed","Sun Jan 31 19:57:57 CST 2021","Sun Jan 31 19:57:57 CST 2021","22","Oneapi","test_login","","","","test_logi_api[data1]",""
"passed","Sun Jan 31 19:57:56 CST 2021","Sun Jan 31 19:57:56 CST 2021","10","Multiapi","test_Add","","","","test_add_api[data1]",""
"passed","Sun Jan 31 19:57:57 CST 2021","Sun Jan 31 19:57:57 CST 2021","11","Oneapi","test_zhuce","","","","test_logi_api[data1]",""
"passed","Sun Jan 31 19:57:57 CST 2021","Sun Jan 31 19:57:57 CST 2021","18","Oneapi","test_zhuce","","","","test_logi_api[data2]",""
"passed","Sun Jan 31 19:57:57 CST 2021","Sun Jan 31 19:57:57 CST 2021","13","Oneapi","test_login","","","","test_logi_api[data2]",""
"passed","Sun Jan 31 19:57:56 CST 2021","Sun Jan 31 19:57:56 CST 2021","46","Multiapi","test_area","","","","test_init",""
"passed","Sun Jan 31 19:57:57 CST 2021","Sun Jan 31 19:57:57 CST 2021","15","Oneapi","test_zhuce","","","","test_logi_api[data0]",""
"passed","Sun Jan 31 19:57:56 CST 2021","Sun Jan 31 19:57:56 CST 2021","179","Multiapi","test_area","","","","test_add_api[data0]",""
"passed","Sun Jan 31 19:57:56 CST 2021","Sun Jan 31 19:57:56 CST 2021","11","Multiapi","test_Add","","","","test_add_api[data2]",""
"passed","Sun Jan 31 19:57:57 CST 2021","Sun Jan 31 19:57:57 CST 2021","9","Oneapi","test_login","","","","test_logi_api[data0]",""
